old_url,path,lang,lastmod,depth,gsc_clicks,gsc_impressions,gsc_position,ref_domains,http_status,title,h1,canonical,indexable
https://maximerit.com/,/,fr,2026-04-20,0,,,,,,,,,
https://maximerit.com/creation-de-services-et-developpement-dactivites/,/creation-de-services-et-developpement-dactivites/,fr,2026-05-12,1,,,,,,,,,
https://maximerit.com/formations/,/formations/,fr,2026-05-12,1,,,,,,,,,
https://maximerit.com/management-des-projet/,/management-des-projet/,fr,2026-05-12,1,,,,,,,,,
https://maximerit.com/esg/,/esg/,fr,2026-05-12,1,,,,,,,,,
https://maximerit.com/language/en/our-strengths/,/language/en/our-strengths/,en,2026-04-28,3,,,,,,,,,
https://maximerit.com/language/en/who-are-we/,/language/en/who-are-we/,en,2026-04-28,3,,,,,,,,,
https://maximerit.com/language/en/sustainable-development/,/language/en/sustainable-development/,en,2026-04-28,3,,,,,,,,,
https://maximerit.com/qui-nous-sommes/,/qui-nous-sommes/,fr,2026-04-28,1,,,,,,,,,
https://maximerit.com/accueil-et-integration/,/accueil-et-integration/,fr,2026-04-28,1,,,,,,,,,
https://maximerit.com/developpement-durable/,/developpement-durable/,fr,2026-04-28,1,,,,,,,,,
https://maximerit.com/nos-atouts/,/nos-atouts/,fr,2026-04-28,1,,,,,,,,,
https://maximerit.com/language/en/environmental-and-social-impact-assessment/,/language/en/environmental-and-social-impact-assessment/,en,2026-04-28,3,,,,,,,,,
https://maximerit.com/etude-dimpact-environnemental-et-social/,/etude-dimpact-environnemental-et-social/,fr,2026-04-28,1,,,,,,,,,
https://maximerit.com/language/en/environmental-social-and-governance/,/language/en/environmental-social-and-governance/,en,2026-04-28,3,,,,,,,,,
https://maximerit.com/language/en/human-resources-management/,/language/en/human-resources-management/,en,2026-04-23,3,,,,,,,,,
https://maximerit.com/gestion-des-ressources-humaines/,/gestion-des-ressources-humaines/,fr,2026-04-22,1,,,,,,,,,
https://maximerit.com/project-management-et-it/,/project-management-et-it/,fr,2026-04-21,1,,,,,,,,,
https://maximerit.com/finance-gestion/,/finance-gestion/,fr,2026-04-21,1,,,,,,,,,
https://maximerit.com/management-hygiene-qualite-et-securite/,/management-hygiene-qualite-et-securite/,fr,2026-04-20,1,,,,,,,,,
https://maximerit.com/language/en/,/language/en/,en,2026-04-15,2,,,,,,,,,
https://maximerit.com/language/en/request-quote/,/language/en/request-quote/,en,2026-04-15,3,,,,,,,,,
https://maximerit.com/demande-de-devis/,/demande-de-devis/,fr,2026-04-03,1,,,,,,,,,
https://maximerit.com/operations-supervisor/,/operations-supervisor/,fr,2025-12-15,1,,,,,,,,,
https://maximerit.com/base-manager/,/base-manager/,fr,2025-12-15,1,,,,,,,,,
https://maximerit.com/depot-de-candidature-2/,/depot-de-candidature-2/,fr,2025-12-15,1,,,,,,,,,
https://maximerit.com/depot-de-candidature-spontanee/,/depot-de-candidature-spontanee/,fr,2025-01-16,1,,,,,,,,,
https://maximerit.com/depot-cv/,/depot-cv/,fr,2025-01-16,1,,,,,,,,,
https://maximerit.com/cost-accountant/,/cost-accountant/,fr,2025-01-15,1,,,,,,,,,
https://maximerit.com/offre-demplois/,/offre-demplois/,fr,2025-01-15,1,,,,,,,,,
https://maximerit.com/contactez-nous/,/contactez-nous/,fr,2024-11-13,1,,,,,,,,,
https://maximerit.com/language/en/job-offer/,/language/en/job-offer/,en,2024-02-23,3,,,,,,,,,
https://maximerit.com/offres-demploi/,/offres-demploi/,fr,2023-12-21,1,,,,,,,,,
https://maximerit.com/un-agent-de-liaison-communautaire/,/un-agent-de-liaison-communautaire/,fr,2023-11-23,1,,,,,,,,,
https://maximerit.com/language/en/maintenance-of-computer-systems-and-networks/,/language/en/maintenance-of-computer-systems-and-networks/,en,2023-11-22,3,,,,,,,,,
https://maximerit.com/language/en/community-liaison-officer/,/language/en/community-liaison-officer/,en,2023-08-07,3,,,,,,,,,
https://maximerit.com/tableau-de-bord-des-offres-demploi/,/tableau-de-bord-des-offres-demploi/,fr,2023-04-11,1,,,,,,,,,
https://maximerit.com/publier-une-offre-demploi/,/publier-une-offre-demploi/,fr,2023-04-11,1,,,,,,,,,
https://maximerit.com/language/en/reception-and-integration/,/language/en/reception-and-integration/,en,2022-10-11,3,,,,,,,,,
https://maximerit.com/formation-en-rh/,/formation-en-rh/,fr,2022-10-11,1,,,,,,,,,
https://maximerit.com/language/en/hr-training/,/language/en/hr-training/,en,2022-10-11,3,,,,,,,,,
https://maximerit.com/language/en/qhse-training/,/language/en/qhse-training/,en,2022-10-11,3,,,,,,,,,
https://maximerit.com/hotellerie-et-tourisme/,/hotellerie-et-tourisme/,fr,2022-10-11,1,,,,,,,,,
https://maximerit.com/language/en/training/,/language/en/training/,en,2022-10-11,3,,,,,,,,,
https://maximerit.com/language/en/hospitality-and-tourism/,/language/en/hospitality-and-tourism/,en,2022-10-11,3,,,,,,,,,
https://maximerit.com/formation-en-finance/,/formation-en-finance/,fr,2022-10-11,1,,,,,,,,,
https://maximerit.com/language/en/project-management/,/language/en/project-management/,en,2022-10-11,3,,,,,,,,,
https://maximerit.com/gestion-des-projets/,/gestion-des-projets/,fr,2022-10-11,1,,,,,,,,,
https://maximerit.com/language/en/finance-training/,/language/en/finance-training/,en,2022-10-11,3,,,,,,,,,
https://maximerit.com/language/en/projet-managuement/,/language/en/projet-managuement/,en,2022-10-07,3,,,,,,,,,
https://maximerit.com/language/en/contact-us/,/language/en/contact-us/,en,2022-10-07,3,,,,,,,,,
https://maximerit.com/language/en/drafting-of-procedures-manual/,/language/en/drafting-of-procedures-manual/,en,2022-10-07,3,,,,,,,,,
https://maximerit.com/maintenance-des-systemes-informatiques-et-reseaux/,/maintenance-des-systemes-informatiques-et-reseaux/,fr,2022-10-07,1,,,,,,,,,
https://maximerit.com/conseil-en-qhse/,/conseil-en-qhse/,fr,2022-10-05,1,,,,,,,,,
https://maximerit.com/conseils/conseils-en-rh/,/conseils/conseils-en-rh/,fr,2022-10-05,2,,,,,,,,,
https://maximerit.com/conseil-en-finance/,/conseil-en-finance/,fr,2022-10-05,1,,,,,,,,,
https://maximerit.com/installation-video-surveillance/,/installation-video-surveillance/,fr,2022-09-28,1,,,,,,,,,
https://maximerit.com/facilities-management/,/facilities-management/,fr,2022-09-28,1,,,,,,,,,
https://maximerit.com/audit-qhse/,/audit-qhse/,fr,2022-09-28,1,,,,,,,,,
https://maximerit.com/mise-a-disposition-equipe-qhse/,/mise-a-disposition-equipe-qhse/,fr,2022-09-28,1,,,,,,,,,
https://maximerit.com/mise-en-place-dune-politique-qhse/,/mise-en-place-dune-politique-qhse/,fr,2022-09-28,1,,,,,,,,,
https://maximerit.com/redaction-de-code-de-conduite/,/redaction-de-code-de-conduite/,fr,2022-09-28,1,,,,,,,,,
https://maximerit.com/evaluation-du-personnel/,/evaluation-du-personnel/,fr,2022-09-28,1,,,,,,,,,
https://maximerit.com/enquetes-de-salaires/,/enquetes-de-salaires/,fr,2022-09-28,1,,,,,,,,,
https://maximerit.com/coaching/,/coaching/,fr,2022-09-28,1,,,,,,,,,
https://maximerit.com/suivi-rh/,/suivi-rh/,fr,2022-09-28,1,,,,,,,,,
https://maximerit.com/interim/,/interim/,fr,2022-09-28,1,,,,,,,,,
https://maximerit.com/recrutement/,/recrutement/,fr,2022-09-28,1,,,,,,,,,
https://maximerit.com/gestion-paie-et-des-declarations/,/gestion-paie-et-des-declarations/,fr,2022-09-28,1,,,,,,,,,
https://maximerit.com/mise-en-place-doutils-delaboration-et-de-suivi-de-budget/,/mise-en-place-doutils-delaboration-et-de-suivi-de-budget/,fr,2022-09-28,1,,,,,,,,,
https://maximerit.com/assistance-a-la-mise-en-place-de-systemes-de-reporting/,/assistance-a-la-mise-en-place-de-systemes-de-reporting/,fr,2022-09-28,1,,,,,,,,,
https://maximerit.com/gestion-et-inventaire-des-immobilisations/,/gestion-et-inventaire-des-immobilisations/,fr,2022-09-28,1,,,,,,,,,
https://maximerit.com/organisation-et-assistance-aux-services-comptables-et-financiers/,/organisation-et-assistance-aux-services-comptables-et-financiers/,fr,2022-09-28,1,,,,,,,,,
https://maximerit.com/formation-en-qhse/,/formation-en-qhse/,fr,2022-09-28,1,,,,,,,,,
https://maximerit.com/language/en/temping/,/language/en/temping/,en,2022-07-19,3,,,,,,,,,
https://maximerit.com/implementation-et-suivi-de-systeme-de-gestion-informatise/,/implementation-et-suivi-de-systeme-de-gestion-informatise/,fr,2022-07-19,1,,,,,,,,,
https://maximerit.com/language/en/financing/,/language/en/financing/,en,2022-07-15,3,,,,,,,,,
https://maximerit.com/financement/,/financement/,fr,2022-07-15,1,,,,,,,,,
https://maximerit.com/language/en/definition-and-monitoring-of-performance-indicators/,/language/en/definition-and-monitoring-of-performance-indicators/,en,2022-07-12,3,,,,,,,,,
https://maximerit.com/language/en/development-of-business-plan/,/language/en/development-of-business-plan/,en,2022-07-12,3,,,,,,,,,
https://maximerit.com/language/en/organizational-audit/,/language/en/organizational-audit/,en,2022-07-12,3,,,,,,,,,
https://maximerit.com/language/en/creation-of-services-and-development-of-activities/,/language/en/creation-of-services-and-development-of-activities/,en,2022-07-12,3,,,,,,,,,
https://maximerit.com/language/en/financial-consulting/,/language/en/financial-consulting/,en,2022-07-12,3,,,,,,,,,
https://maximerit.com/language/en/submission-of-application/,/language/en/submission-of-application/,en,2022-07-06,3,,,,,,,,,
https://maximerit.com/elaboration-de-business-plan/,/elaboration-de-business-plan/,fr,2022-07-06,1,,,,,,,,,
https://maximerit.com/definition-et-suivi-des-indicateurs-de-performance/,/definition-et-suivi-des-indicateurs-de-performance/,fr,2022-07-06,1,,,,,,,,,
https://maximerit.com/redaction-de-manuel-des-procedures/,/redaction-de-manuel-des-procedures/,fr,2022-07-06,1,,,,,,,,,
https://maximerit.com/audit-organisationnel/,/audit-organisationnel/,fr,2022-07-06,1,,,,,,,,,
https://maximerit.com/language/en/implementation-and-monitoring-of-computerised-management-systems/,/language/en/implementation-and-monitoring-of-computerised-management-systems/,en,2022-07-06,3,,,,,,,,,
https://maximerit.com/conseil-et-formation/,/conseil-et-formation/,fr,2022-07-06,1,,,,,,,,,
https://maximerit.com/language/en/video-surveillance-installation/,/language/en/video-surveillance-installation/,en,2022-07-06,3,,,,,,,,,
https://maximerit.com/support-it/,/support-it/,fr,2022-07-06,1,,,,,,,,,
https://maximerit.com/language/en/salary-surveys/,/language/en/salary-surveys/,en,2022-07-06,3,,,,,,,,,
https://maximerit.com/language/en/staff-evaluation/,/language/en/staff-evaluation/,en,2022-07-06,3,,,,,,,,,
https://maximerit.com/language/en/recruitment/,/language/en/recruitment/,en,2022-07-06,3,,,,,,,,,
https://maximerit.com/services-generaux/,/services-generaux/,fr,2022-07-06,1,,,,,,,,,
https://maximerit.com/language/en/qhse-consulting/,/language/en/qhse-consulting/,en,2022-07-06,3,,,,,,,,,
https://maximerit.com/language/en/payroll-and-returns-management/,/language/en/payroll-and-returns-management/,en,2022-07-06,3,,,,,,,,,
https://maximerit.com/language/en/provision-of-qhse-team/,/language/en/provision-of-qhse-team/,en,2022-07-06,3,,,,,,,,,
https://maximerit.com/language/en/organisation-and-assistance-to-the-accounting-and-financial-services/,/language/en/organisation-and-assistance-to-the-accounting-and-financial-services/,en,2022-07-06,3,,,,,,,,,
https://maximerit.com/language/en/organisation-of-company-events/,/language/en/organisation-of-company-events/,en,2022-07-06,3,,,,,,,,,
https://maximerit.com/language/en/qhse-audit/,/language/en/qhse-audit/,en,2022-07-06,3,,,,,,,,,
https://maximerit.com/language/en/qhes-management/,/language/en/qhes-management/,en,2022-07-06,3,,,,,,,,,
https://maximerit.com/management-qhes/,/management-qhes/,fr,2022-07-06,1,,,,,,,,,
https://maximerit.com/language/en/it-support/,/language/en/it-support/,en,2022-07-06,3,,,,,,,,,
https://maximerit.com/language/en/implementation-of-budget-preparation-and-monitoring-tools/,/language/en/implementation-of-budget-preparation-and-monitoring-tools/,en,2022-07-06,3,,,,,,,,,
https://maximerit.com/language/en/implementation-of-a-qhse-policy/,/language/en/implementation-of-a-qhse-policy/,en,2022-07-06,3,,,,,,,,,
https://maximerit.com/language/en/hr-monitoring/,/language/en/hr-monitoring/,en,2022-07-06,3,,,,,,,,,
https://maximerit.com/language/en/hr-consulting/,/language/en/hr-consulting/,en,2022-07-06,3,,,,,,,,,
https://maximerit.com/language/en/general-services/,/language/en/general-services/,en,2022-07-06,3,,,,,,,,,
https://maximerit.com/language/en/g-hr/,/language/en/g-hr/,en,2022-07-06,3,,,,,,,,,
https://maximerit.com/g-rh/,/g-rh/,fr,2022-07-06,1,,,,,,,,,
https://maximerit.com/language/en/finance/,/language/en/finance/,en,2022-07-06,3,,,,,,,,,
https://maximerit.com/language/en/facility-management/,/language/en/facility-management/,en,2022-07-06,3,,,,,,,,,
https://maximerit.com/finances/,/finances/,fr,2022-07-06,1,,,,,,,,,
https://maximerit.com/language/en/drafting-of-a-code-of-conduct/,/language/en/drafting-of-a-code-of-conduct/,en,2022-07-06,3,,,,,,,,,
https://maximerit.com/language/en/corporate-services/,/language/en/corporate-services/,en,2022-07-05,3,,,,,,,,,
https://maximerit.com/contact/,/contact/,fr,2022-07-05,1,,,,,,,,,
https://maximerit.com/language/en/consulting-and-finance-2/,/language/en/consulting-and-finance-2/,en,2022-07-05,3,,,,,,,,,
https://maximerit.com/conception-et-realisation-de-site-web/,/conception-et-realisation-de-site-web/,fr,2022-07-05,1,,,,,,,,,
https://maximerit.com/language/en/coaching-2/,/language/en/coaching-2/,en,2022-07-05,3,,,,,,,,,
https://maximerit.com/language/en/assistance-in-setting-up-reporting-systems/,/language/en/assistance-in-setting-up-reporting-systems/,en,2022-07-05,3,,,,,,,,,
https://maximerit.com/language/en/asset-management-and-inventory/,/language/en/asset-management-and-inventory/,en,2022-07-05,3,,,,,,,,,
https://maximerit.com/language/en/website-design-and-development/,/language/en/website-design-and-development/,en,2022-06-30,3,,,,,,,,,
https://maximerit.com/contact-2/,/contact-2/,fr,2022-06-27,1,,,,,,,,,
https://maximerit.com/about/,/about/,fr,2022-06-27,1,,,,,,,,,
https://maximerit.com/home/,/home/,fr,2022-06-27,1,,,,,,,,,
https://maximerit.com/language/en/consulting/,/language/en/consulting/,en,2022-06-21,3,,,,,,,,,
https://maximerit.com/conseils/,/conseils/,fr,2022-06-21,1,,,,,,,,,
